{"cameraMode":{"drawMode":0,"name":"Shaded","section":"Shading Mode"},"sceneLighting":true,"audioPlay":false,"sceneViewState":{"showFog":true,"showMaterialUpdate":false,"showSkybox":true,"showFlares":true,"showImageEffects":true,"showParticleSystems":true},"in2DMode":false,"pivot":{"x":-0.15510475635528565,"y":2.384185791015625e-7,"z":-2.017849922180176},"rotation":{"x":-0.2548353672027588,"y":0.13779771327972413,"z":-0.03671322390437126,"w":-0.9564165472984314},"size":2.0750646591186525,"orthographic":true}