{"cameraMode":{"drawMode":0,"name":"Shaded","section":"Shading Mode"},"sceneLighting":true,"audioPlay":false,"sceneViewState":{"showFog":true,"showMaterialUpdate":false,"showSkybox":true,"showFlares":true,"showImageEffects":true,"showParticleSystems":true},"in2DMode":false,"pivot":{"x":-1.1567188501358033,"y":0.9010483026504517,"z":1.4074156284332276},"rotation":{"x":-0.4005986154079437,"y":0.5069074034690857,"z":-0.2871514558792114,"w":-0.7071937918663025},"size":1.2149821519851685,"orthographic":false}