{"cameraMode":{"drawMode":0,"name":"Shaded","section":"Shading Mode"},"sceneLighting":true,"audioPlay":false,"sceneViewState":{"showFog":true,"showMaterialUpdate":false,"showSkybox":true,"showFlares":true,"showImageEffects":true,"showParticleSystems":true},"in2DMode":false,"pivot":{"x":-0.048915982246398929,"y":0.2933928966522217,"z":3.599020481109619},"rotation":{"x":-0.23213282227516175,"y":-0.07053855061531067,"z":0.016877813264727594,"w":-0.9699834585189819},"size":2.764972686767578,"orthographic":false}