{"cameraMode":{"drawMode":0,"name":"Shaded","section":"Shading Mode"},"sceneLighting":true,"audioPlay":false,"sceneViewState":{"showFog":true,"showMaterialUpdate":false,"showSkybox":true,"showFlares":true,"showImageEffects":true,"showParticleSystems":true},"in2DMode":false,"pivot":{"x":7.8193359375,"y":1.0262298583984376,"z":1.60089111328125},"rotation":{"x":0.001480549923144281,"y":0.7102887034416199,"z":0.0014919136883690954,"w":-0.7039122581481934},"size":0.8263502717018127,"orthographic":true}